ComboID;MinGapATR;BreakoutATR;ReactionATR;LocalBreakoutATR;MaxLocalBars;MaxStructuralBars;RiskPercent;MaxConcurrentPos;QualityScore;ProfitFactor;WinratePct;MaxDrawdownPct;TotalNetProfit;TotalTrades;ProfitableSymbols;TotalSymbols;StabilityScore;ProcessingTimeMs
0;0.25;0.08;0.80;0.08;25;200;1.0;1;1.83;0.90;39.2;149.48;370538.00;18461;1;2;50.0;2006.4
1;0.25;0.08;0.80;0.08;25;200;1.0;1;1.99;0.91;39.4;149.48;608560.40;21471;1;2;50.0;2287.7
2;0.25;0.08;0.80;0.08;25;200;1.0;1;2.23;0.90;39.3;161.97;576523.36;27512;1;2;50.0;2492.8
3;0.25;0.08;0.80;0.08;25;200;1.0;3;1.83;0.90;39.2;149.48;370538.00;18461;1;2;50.0;1926.2
4;0.25;0.08;0.80;0.08;25;200;1.0;3;1.99;0.91;39.4;149.48;608560.40;21471;1;2;50.0;2175.7
5;0.25;0.08;0.80;0.08;25;200;1.0;3;2.23;0.90;39.3;161.97;576523.36;27512;1;2;50.0;2447.3
6;0.25;0.08;0.80;0.08;25;200;2.0;1;1.83;0.90;39.2;288.42;746681.76;18461;1;2;50.0;1850.3
7;0.25;0.08;0.80;0.08;25;200;2.0;1;1.98;0.90;39.4;288.42;1290462.96;21471;1;2;50.0;3660.0
8;0.25;0.08;0.80;0.08;25;200;2.0;1;2.22;0.89;39.3;326.93;1077607.36;27512;1;2;50.0;2911.5
9;0.25;0.08;0.80;0.08;25;200;2.0;3;1.83;0.90;39.2;288.42;746681.76;18461;1;2;50.0;2338.9
10;0.25;0.08;0.80;0.08;25;200;2.0;3;1.98;0.90;39.4;288.42;1290462.96;21471;1;2;50.0;2180.9
11;0.25;0.08;0.80;0.08;25;200;2.0;3;2.22;0.89;39.3;326.93;1077607.36;27512;1;2;50.0;2746.8
12;0.25;0.08;0.80;0.08;25;300;1.0;1;2.19;0.88;39.0;214.28;68441.52;27533;1;2;50.0;2729.0
13;0.25;0.08;0.80;0.08;25;300;1.0;1;2.32;0.89;39.1;213.10;306463.92;30543;1;2;50.0;2326.9
14;0.25;0.08;0.80;0.08;25;300;1.0;1;2.55;0.88;39.1;189.30;249448.24;37189;1;2;50.0;2523.5
15;0.25;0.08;0.80;0.08;25;300;1.0;3;2.19;0.88;39.0;214.28;68441.52;27533;1;2;50.0;1885.3
16;0.25;0.08;0.80;0.08;25;300;1.0;3;2.32;0.89;39.1;213.10;306463.92;30543;1;2;50.0;2236.5
17;0.25;0.08;0.80;0.08;25;300;1.0;3;2.55;0.88;39.1;189.30;249448.24;37189;1;2;50.0;2436.9
18;0.25;0.08;0.80;0.08;25;300;2.0;1;0.00;0.87;39.0;526.25;-222810.64;27533;1;2;50.0;2093.4
19;0.25;0.08;0.80;0.08;25;300;2.0;1;2.31;0.88;39.1;503.61;320970.56;30543;1;2;50.0;2657.4
20;0.25;0.08;0.80;0.08;25;300;2.0;1;2.53;0.88;39.1;449.23;31097.20;37189;1;2;50.0;2466.9
21;0.25;0.08;0.80;0.08;25;300;2.0;3;0.00;0.87;39.0;526.25;-222810.64;27533;1;2;50.0;1952.8
22;0.25;0.08;0.80;0.08;25;300;2.0;3;2.31;0.88;39.1;503.61;320970.56;30543;1;2;50.0;2520.0
23;0.25;0.08;0.80;0.08;25;300;2.0;3;2.53;0.88;39.1;449.23;31097.20;37189;1;2;50.0;3104.6
24;0.25;0.08;0.80;0.08;35;200;1.0;1;1.83;0.90;39.2;149.48;370538.00;18461;1;2;50.0;1871.8
25;0.25;0.08;0.80;0.08;35;200;1.0;1;1.99;0.91;39.4;149.48;608560.40;21471;1;2;50.0;2439.8
26;0.25;0.08;0.80;0.08;35;200;1.0;1;2.23;0.90;39.3;161.97;576523.36;27512;1;2;50.0;2605.7
27;0.25;0.08;0.80;0.08;35;200;1.0;3;1.83;0.90;39.2;149.48;370538.00;18461;1;2;50.0;2418.6
28;0.25;0.08;0.80;0.08;35;200;1.0;3;1.99;0.91;39.4;149.48;608560.40;21471;1;2;50.0;2368.6
29;0.25;0.08;0.80;0.08;35;200;1.0;3;2.23;0.90;39.3;161.97;576523.36;27512;1;2;50.0;2540.1
