Rank;ComboID;MinGapATR;BreakoutATR;ReactionATR;QualityScore;ProfitFactor;WinratePct;MaxDrawdownPct;TotalNetProfit;TotalTrades;ProfitableSymbols;StabilityScore
1;17;0.25;0.08;0.80;2.55;0.88;39.1;189.30;249448.24;37189;1;50.0
2;14;0.25;0.08;0.80;2.55;0.88;39.1;189.30;249448.24;37189;1;50.0
3;23;0.25;0.08;0.80;2.53;0.88;39.1;449.23;31097.20;37189;1;50.0
4;20;0.25;0.08;0.80;2.53;0.88;39.1;449.23;31097.20;37189;1;50.0
5;16;0.25;0.08;0.80;2.32;0.89;39.1;213.10;306463.92;30543;1;50.0
6;13;0.25;0.08;0.80;2.32;0.89;39.1;213.10;306463.92;30543;1;50.0
7;22;0.25;0.08;0.80;2.31;0.88;39.1;503.61;320970.56;30543;1;50.0
8;19;0.25;0.08;0.80;2.31;0.88;39.1;503.61;320970.56;30543;1;50.0
9;29;0.25;0.08;0.80;2.23;0.90;39.3;161.97;576523.36;27512;1;50.0
10;2;0.25;0.08;0.80;2.23;0.90;39.3;161.97;576523.36;27512;1;50.0
