PatternType;ZoneType;AgeBucket;TouchBucket;DepthBucket;ApproachBucket;HeightBucket;SessionBucket;Samples;LocalReversal;LocalBreakout;LocalTimeout;StructOpposite;StructSameType;StructTargetsBroken;StructTimeout;DecisiveLocal;DecisiveStruct;LocalReversalPct;LocalBreakoutPct;StructOppositePct;StructSameTypePct;AvgMfeAtr;AvgMaeAtr;MfeMaeRatio
AGE_ONLY;BULL;00_0_15_MIN;;;;;;1;1;0;0;0;0;1;0;1;0;100.00;0.00;;;1.1517;0.7035;1.6371
AGE_ONLY;BULL;08_48_HOURS_PLUS;;;;;;2;1;1;0;0;0;2;0;2;0;50.00;50.00;;;6.6604;0.3634;18.3282
AGE_ONLY;BEAR;07_24_48_HOURS;;;;;;1;0;1;0;0;0;1;0;1;0;0.00;100.00;;;0.9219;0.6393;1.4420
AGE_ONLY;BEAR;08_48_HOURS_PLUS;;;;;;4;1;3;0;0;0;1;0;4;0;25.00;75.00;;;1.1265;4.5218;0.2491
AGE_TOUCH;BULL;00_0_15_MIN;TOUCH_1;;;;;1;1;0;0;0;0;1;0;1;0;100.00;0.00;;;1.1517;0.7035;1.6371
AGE_TOUCH;BULL;08_48_HOURS_PLUS;TOUCH_1;;;;;2;1;1;0;0;0;2;0;2;0;50.00;50.00;;;6.6604;0.3634;18.3282
AGE_TOUCH;BEAR;07_24_48_HOURS;TOUCH_1;;;;;1;0;1;0;0;0;1;0;1;0;0.00;100.00;;;0.9219;0.6393;1.4420
AGE_TOUCH;BEAR;08_48_HOURS_PLUS;TOUCH_1;;;;;4;1;3;0;0;0;1;0;4;0;25.00;75.00;;;1.1265;4.5218;0.2491
AGE_DEPTH;BULL;00_0_15_MIN;;DEPTH_0_25_PCT;;;;1;1;0;0;0;0;1;0;1;0;100.00;0.00;;;1.1517;0.7035;1.6371
AGE_DEPTH;BULL;08_48_HOURS_PLUS;;DEPTH_50_75_PCT;;;;1;1;0;0;0;0;1;0;1;0;100.00;0.00;;;6.6604;0.3634;18.3282
AGE_DEPTH;BULL;08_48_HOURS_PLUS;;DEPTH_0_25_PCT;;;;1;0;1;0;0;0;1;0;1;0;0.00;100.00;;;;;
AGE_DEPTH;BEAR;07_24_48_HOURS;;DEPTH_0_25_PCT;;;;1;0;1;0;0;0;1;0;1;0;0.00;100.00;;;0.9219;0.6393;1.4420
AGE_DEPTH;BEAR;08_48_HOURS_PLUS;;DEPTH_25_50_PCT;;;;1;0;1;0;0;0;1;0;1;0;0.00;100.00;;;;6.4266;
AGE_DEPTH;BEAR;08_48_HOURS_PLUS;;DEPTH_75_100_PCT;;;;1;0;1;0;0;0;0;0;1;0;0.00;100.00;;;0.6818;4.5385;0.1502
AGE_DEPTH;BEAR;08_48_HOURS_PLUS;;DEPTH_50_75_PCT;;;;1;1;0;0;0;0;0;0;1;0;100.00;0.00;;;1.6723;3.2637;0.5124
AGE_DEPTH;BEAR;08_48_HOURS_PLUS;;DEPTH_0_25_PCT;;;;1;0;1;0;0;0;0;0;1;0;0.00;100.00;;;1.0254;3.8583;0.2658
AGE_TOUCH_DEPTH;BULL;00_0_15_MIN;TOUCH_1;DEPTH_0_25_PCT;;;;1;1;0;0;0;0;1;0;1;0;100.00;0.00;;;1.1517;0.7035;1.6371
AGE_TOUCH_DEPTH;BULL;08_48_HOURS_PLUS;TOUCH_1;DEPTH_50_75_PCT;;;;1;1;0;0;0;0;1;0;1;0;100.00;0.00;;;6.6604;0.3634;18.3282
AGE_TOUCH_DEPTH;BULL;08_48_HOURS_PLUS;TOUCH_1;DEPTH_0_25_PCT;;;;1;0;1;0;0;0;1;0;1;0;0.00;100.00;;;;;
AGE_TOUCH_DEPTH;BEAR;07_24_48_HOURS;TOUCH_1;DEPTH_0_25_PCT;;;;1;0;1;0;0;0;1;0;1;0;0.00;100.00;;;0.9219;0.6393;1.4420
AGE_TOUCH_DEPTH;BEAR;08_48_HOURS_PLUS;TOUCH_1;DEPTH_75_100_PCT;;;;1;0;1;0;0;0;0;0;1;0;0.00;100.00;;;0.6818;4.5385;0.1502
AGE_TOUCH_DEPTH;BEAR;08_48_HOURS_PLUS;TOUCH_1;DEPTH_25_50_PCT;;;;1;0;1;0;0;0;1;0;1;0;0.00;100.00;;;;6.4266;
AGE_TOUCH_DEPTH;BEAR;08_48_HOURS_PLUS;TOUCH_1;DEPTH_50_75_PCT;;;;1;1;0;0;0;0;0;0;1;0;100.00;0.00;;;1.6723;3.2637;0.5124
AGE_TOUCH_DEPTH;BEAR;08_48_HOURS_PLUS;TOUCH_1;DEPTH_0_25_PCT;;;;1;0;1;0;0;0;0;0;1;0;0.00;100.00;;;1.0254;3.8583;0.2658
AGE_APPROACH;BULL;00_0_15_MIN;;;APPROACH_SLOW_LT_0_5_ATR;;;1;1;0;0;0;0;1;0;1;0;100.00;0.00;;;1.1517;0.7035;1.6371
AGE_APPROACH;BULL;08_48_HOURS_PLUS;;;APPROACH_SLOW_LT_0_5_ATR;;;1;1;0;0;0;0;1;0;1;0;100.00;0.00;;;6.6604;0.3634;18.3282
AGE_APPROACH;BULL;08_48_HOURS_PLUS;;;APPROACH_FLAT_OR_AWAY;;;1;0;1;0;0;0;1;0;1;0;0.00;100.00;;;;;
AGE_APPROACH;BEAR;07_24_48_HOURS;;;APPROACH_FLAT_OR_AWAY;;;1;0;1;0;0;0;1;0;1;0;0.00;100.00;;;0.9219;0.6393;1.4420
AGE_APPROACH;BEAR;08_48_HOURS_PLUS;;;APPROACH_FAST_GE_1_ATR;;;1;1;0;0;0;0;0;0;1;0;100.00;0.00;;;1.6723;3.2637;0.5124
AGE_APPROACH;BEAR;08_48_HOURS_PLUS;;;APPROACH_FLAT_OR_AWAY;;;2;0;2;0;0;0;1;0;2;0;0.00;100.00;;;0.6818;5.4825;0.1244
AGE_APPROACH;BEAR;08_48_HOURS_PLUS;;;APPROACH_MEDIUM_0_5_1_ATR;;;1;0;1;0;0;0;0;0;1;0;0.00;100.00;;;1.0254;3.8583;0.2658
AGE_HEIGHT;BULL;00_0_15_MIN;;;;HEIGHT_GE_1_00_ATR;;1;1;0;0;0;0;1;0;1;0;100.00;0.00;;;1.1517;0.7035;1.6371
AGE_HEIGHT;BULL;08_48_HOURS_PLUS;;;;HEIGHT_LT_0_25_ATR;;1;0;1;0;0;0;1;0;1;0;0.00;100.00;;;;;
AGE_HEIGHT;BULL;08_48_HOURS_PLUS;;;;HEIGHT_GE_1_00_ATR;;1;1;0;0;0;0;1;0;1;0;100.00;0.00;;;6.6604;0.3634;18.3282
AGE_HEIGHT;BEAR;07_24_48_HOURS;;;;HEIGHT_LT_0_25_ATR;;1;0;1;0;0;0;1;0;1;0;0.00;100.00;;;0.9219;0.6393;1.4420
AGE_HEIGHT;BEAR;08_48_HOURS_PLUS;;;;HEIGHT_0_75_1_00_ATR;;3;1;2;0;0;0;1;0;3;0;33.33;66.67;;;1.3489;4.5162;0.2987
AGE_HEIGHT;BEAR;08_48_HOURS_PLUS;;;;HEIGHT_0_50_0_75_ATR;;1;0;1;0;0;0;0;0;1;0;0.00;100.00;;;0.6818;4.5385;0.1502
AGE_SESSION;BULL;00_0_15_MIN;;;;;ASIA_SERVER_TIME;1;1;0;0;0;0;1;0;1;0;100.00;0.00;;;1.1517;0.7035;1.6371
AGE_SESSION;BULL;08_48_HOURS_PLUS;;;;;ASIA_SERVER_TIME;2;1;1;0;0;0;2;0;2;0;50.00;50.00;;;6.6604;0.3634;18.3282
AGE_SESSION;BEAR;07_24_48_HOURS;;;;;ASIA_SERVER_TIME;1;0;1;0;0;0;1;0;1;0;0.00;100.00;;;0.9219;0.6393;1.4420
AGE_SESSION;BEAR;08_48_HOURS_PLUS;;;;;ASIA_SERVER_TIME;4;1;3;0;0;0;1;0;4;0;25.00;75.00;;;1.1265;4.5218;0.2491
