PatternType;ZoneType;AgeBucket;Samples;LocalReversal;LocalBreakout;DecisiveLocal;StructOpposite;StructSameType;DecisiveStruct;LocalWilson;StructWilson;ParentSamples;ParentLocalWilson;ParentStructWilson;LocalImprovementPP;StructImprovementPP;AvgMfe;AvgMae;MfeMaeRatio;FinalScore;PassesFilter;FilterReason
AGE_TOUCH_DEPTH;BULL;08_48_HOURS_PLUS;1;1;0;1;0;0;0;20.65;;2;9.45;;50.00;0.00;6.6604;0.3634;18.3282;32.23;NO;samples=1 < min=100
AGE_APPROACH;BULL;08_48_HOURS_PLUS;1;1;0;1;0;0;0;20.65;;2;9.45;;50.00;0.00;6.6604;0.3634;18.3282;32.23;NO;samples=1 < min=100
AGE_DEPTH;BULL;08_48_HOURS_PLUS;1;1;0;1;0;0;0;20.65;;2;9.45;;50.00;0.00;6.6604;0.3634;18.3282;32.23;NO;samples=1 < min=100
AGE_HEIGHT;BULL;08_48_HOURS_PLUS;1;1;0;1;0;0;0;20.65;;2;9.45;;50.00;0.00;6.6604;0.3634;18.3282;32.23;NO;samples=1 < min=100
AGE_APPROACH;BEAR;08_48_HOURS_PLUS;1;1;0;1;0;0;0;20.65;;4;4.56;;75.00;0.00;1.6723;3.2637;0.5124;24.79;NO;samples=1 < min=100
AGE_TOUCH_DEPTH;BEAR;08_48_HOURS_PLUS;1;1;0;1;0;0;0;20.65;;4;4.56;;75.00;0.00;1.6723;3.2637;0.5124;24.79;NO;samples=1 < min=100
AGE_DEPTH;BEAR;08_48_HOURS_PLUS;1;1;0;1;0;0;0;20.65;;4;4.56;;75.00;0.00;1.6723;3.2637;0.5124;24.79;NO;samples=1 < min=100
AGE_HEIGHT;BEAR;08_48_HOURS_PLUS;3;1;2;3;0;0;0;6.15;;4;4.56;;8.33;0.00;1.3489;4.5162;0.2987;16.15;NO;samples=3 < min=100
AGE_DEPTH;BULL;00_0_15_MIN;1;1;0;1;0;0;0;20.65;;1;20.65;;0.00;0.00;1.1517;0.7035;1.6371;15.41;NO;samples=1 < min=100
AGE_TOUCH;BULL;00_0_15_MIN;1;1;0;1;0;0;0;20.65;;1;20.65;;0.00;0.00;1.1517;0.7035;1.6371;15.41;NO;samples=1 < min=100
AGE_TOUCH_DEPTH;BULL;00_0_15_MIN;1;1;0;1;0;0;0;20.65;;1;20.65;;0.00;0.00;1.1517;0.7035;1.6371;15.41;NO;samples=1 < min=100
AGE_ONLY;BULL;00_0_15_MIN;1;1;0;1;0;0;0;20.65;;0;;;0.00;0.00;1.1517;0.7035;1.6371;15.41;NO;samples=1 < min=100
AGE_SESSION;BULL;00_0_15_MIN;1;1;0;1;0;0;0;20.65;;1;20.65;;0.00;0.00;1.1517;0.7035;1.6371;15.41;NO;samples=1 < min=100
AGE_APPROACH;BULL;00_0_15_MIN;1;1;0;1;0;0;0;20.65;;1;20.65;;0.00;0.00;1.1517;0.7035;1.6371;15.41;NO;samples=1 < min=100
AGE_HEIGHT;BULL;00_0_15_MIN;1;1;0;1;0;0;0;20.65;;1;20.65;;0.00;0.00;1.1517;0.7035;1.6371;15.41;NO;samples=1 < min=100
AGE_ONLY;BULL;08_48_HOURS_PLUS;2;1;1;2;0;0;0;9.45;;0;;;0.00;0.00;6.6604;0.3634;18.3282;13.31;NO;samples=2 < min=100
AGE_SESSION;BULL;08_48_HOURS_PLUS;2;1;1;2;0;0;0;9.45;;2;9.45;;0.00;0.00;6.6604;0.3634;18.3282;13.31;NO;samples=2 < min=100
AGE_TOUCH;BULL;08_48_HOURS_PLUS;2;1;1;2;0;0;0;9.45;;2;9.45;;0.00;0.00;6.6604;0.3634;18.3282;13.31;NO;samples=2 < min=100
AGE_SESSION;BEAR;07_24_48_HOURS;1;0;1;1;0;0;0;0.00;;1;0.00;;0.00;0.00;0.9219;0.6393;1.4420;7.21;NO;samples=1 < min=100
AGE_TOUCH;BEAR;07_24_48_HOURS;1;0;1;1;0;0;0;0.00;;1;0.00;;0.00;0.00;0.9219;0.6393;1.4420;7.21;NO;samples=1 < min=100
AGE_ONLY;BEAR;07_24_48_HOURS;1;0;1;1;0;0;0;0.00;;0;;;0.00;0.00;0.9219;0.6393;1.4420;7.21;NO;samples=1 < min=100
AGE_DEPTH;BEAR;07_24_48_HOURS;1;0;1;1;0;0;0;0.00;;1;0.00;;0.00;0.00;0.9219;0.6393;1.4420;7.21;NO;samples=1 < min=100
AGE_TOUCH_DEPTH;BEAR;07_24_48_HOURS;1;0;1;1;0;0;0;0.00;;1;0.00;;0.00;0.00;0.9219;0.6393;1.4420;7.21;NO;samples=1 < min=100
AGE_APPROACH;BEAR;07_24_48_HOURS;1;0;1;1;0;0;0;0.00;;1;0.00;;0.00;0.00;0.9219;0.6393;1.4420;7.21;NO;samples=1 < min=100
AGE_HEIGHT;BEAR;07_24_48_HOURS;1;0;1;1;0;0;0;0.00;;1;0.00;;0.00;0.00;0.9219;0.6393;1.4420;7.21;NO;samples=1 < min=100
AGE_SESSION;BEAR;08_48_HOURS_PLUS;4;1;3;4;0;0;0;4.56;;4;4.56;;0.00;0.00;1.1265;4.5218;0.2491;2.84;NO;samples=4 < min=100
AGE_TOUCH;BEAR;08_48_HOURS_PLUS;4;1;3;4;0;0;0;4.56;;4;4.56;;0.00;0.00;1.1265;4.5218;0.2491;2.84;NO;samples=4 < min=100
AGE_ONLY;BEAR;08_48_HOURS_PLUS;4;1;3;4;0;0;0;4.56;;0;;;0.00;0.00;1.1265;4.5218;0.2491;2.84;NO;samples=4 < min=100
AGE_APPROACH;BEAR;08_48_HOURS_PLUS;1;0;1;1;0;0;0;0.00;;4;4.56;;;0.00;1.0254;3.8583;0.2658;1.33;NO;samples=1 < min=100
AGE_TOUCH_DEPTH;BEAR;08_48_HOURS_PLUS;1;0;1;1;0;0;0;0.00;;4;4.56;;;0.00;1.0254;3.8583;0.2658;1.33;NO;samples=1 < min=100
AGE_DEPTH;BEAR;08_48_HOURS_PLUS;1;0;1;1;0;0;0;0.00;;4;4.56;;;0.00;1.0254;3.8583;0.2658;1.33;NO;samples=1 < min=100
AGE_TOUCH_DEPTH;BEAR;08_48_HOURS_PLUS;1;0;1;1;0;0;0;0.00;;4;4.56;;;0.00;0.6818;4.5385;0.1502;0.75;NO;samples=1 < min=100
AGE_HEIGHT;BEAR;08_48_HOURS_PLUS;1;0;1;1;0;0;0;0.00;;4;4.56;;;0.00;0.6818;4.5385;0.1502;0.75;NO;samples=1 < min=100
AGE_DEPTH;BEAR;08_48_HOURS_PLUS;1;0;1;1;0;0;0;0.00;;4;4.56;;;0.00;0.6818;4.5385;0.1502;0.75;NO;samples=1 < min=100
AGE_APPROACH;BEAR;08_48_HOURS_PLUS;2;0;2;2;0;0;0;0.00;;4;4.56;;;0.00;0.6818;5.4825;0.1244;0.62;NO;samples=2 < min=100
AGE_DEPTH;BEAR;08_48_HOURS_PLUS;1;0;1;1;0;0;0;0.00;;4;4.56;;;0.00;;6.4266;;0.00;NO;samples=1 < min=100
AGE_TOUCH_DEPTH;BEAR;08_48_HOURS_PLUS;1;0;1;1;0;0;0;0.00;;4;4.56;;;0.00;;6.4266;;0.00;NO;samples=1 < min=100
AGE_APPROACH;BULL;08_48_HOURS_PLUS;1;0;1;1;0;0;0;0.00;;2;9.45;;;0.00;;;;0.00;NO;samples=1 < min=100
AGE_TOUCH_DEPTH;BULL;08_48_HOURS_PLUS;1;0;1;1;0;0;0;0.00;;2;9.45;;;0.00;;;;0.00;NO;samples=1 < min=100
AGE_HEIGHT;BULL;08_48_HOURS_PLUS;1;0;1;1;0;0;0;0.00;;2;9.45;;;0.00;;;;0.00;NO;samples=1 < min=100
AGE_DEPTH;BULL;08_48_HOURS_PLUS;1;0;1;1;0;0;0;0.00;;2;9.45;;;0.00;;;;0.00;NO;samples=1 < min=100
