FoldIndex;PatternType;ZoneType;AgeBucket;TrainSamples;TrainLocalWilson;TrainStructWilson;TrainEligible;TrainFailReason;OOSSamples;OOSLocalPct;OSStructPct;OOSPassed;OOSFailReason;FoldPass
0;AGE_DEPTH;BEAR;08_48_HOURS_PLUS;0;;;NO;samples=0 < 1;1;0.00;;NO;train_not_eligible;NO
0;AGE_TOUCH_DEPTH;BEAR;08_48_HOURS_PLUS;0;;;NO;samples=0 < 1;1;100.00;;NO;train_not_eligible;NO
0;AGE_DEPTH;BEAR;08_48_HOURS_PLUS;0;;;NO;samples=0 < 1;1;100.00;;NO;train_not_eligible;NO
0;AGE_HEIGHT;BEAR;08_48_HOURS_PLUS;0;;;NO;samples=0 < 1;1;0.00;;NO;train_not_eligible;NO
0;AGE_APPROACH;BEAR;08_48_HOURS_PLUS;0;;;NO;samples=0 < 1;1;100.00;;NO;train_not_eligible;NO
0;AGE_DEPTH;BEAR;08_48_HOURS_PLUS;0;;;NO;samples=0 < 1;1;0.00;;NO;train_not_eligible;NO
0;AGE_APPROACH;BEAR;08_48_HOURS_PLUS;0;;;NO;samples=0 < 1;1;0.00;;NO;train_not_eligible;NO
0;AGE_ONLY;BEAR;08_48_HOURS_PLUS;1;0.00;;NO;decisive_struct=0 < 1;3;33.33;;NO;train_not_eligible;NO
0;AGE_TOUCH;BEAR;08_48_HOURS_PLUS;1;0.00;;NO;decisive_struct=0 < 1;3;33.33;;NO;train_not_eligible;NO
0;AGE_APPROACH;BULL;08_48_HOURS_PLUS;1;20.65;;NO;decisive_struct=0 < 1;0;;;NO;train_not_eligible;NO
0;AGE_ONLY;BEAR;07_24_48_HOURS;1;0.00;;NO;decisive_struct=0 < 1;0;;;NO;train_not_eligible;NO
0;AGE_TOUCH_DEPTH;BULL;08_48_HOURS_PLUS;1;0.00;;NO;decisive_struct=0 < 1;0;;;NO;train_not_eligible;NO
0;AGE_HEIGHT;BEAR;07_24_48_HOURS;1;0.00;;NO;decisive_struct=0 < 1;0;;;NO;train_not_eligible;NO
0;AGE_TOUCH_DEPTH;BEAR;08_48_HOURS_PLUS;0;;;NO;samples=0 < 1;1;0.00;;NO;train_not_eligible;NO
0;AGE_SESSION;BEAR;07_24_48_HOURS;1;0.00;;NO;decisive_struct=0 < 1;0;;;NO;train_not_eligible;NO
0;AGE_HEIGHT;BULL;08_48_HOURS_PLUS;1;0.00;;NO;decisive_struct=0 < 1;0;;;NO;train_not_eligible;NO
0;AGE_ONLY;BULL;00_0_15_MIN;1;20.65;;NO;decisive_struct=0 < 1;0;;;NO;train_not_eligible;NO
0;AGE_DEPTH;BULL;00_0_15_MIN;1;20.65;;NO;decisive_struct=0 < 1;0;;;NO;train_not_eligible;NO
0;AGE_TOUCH;BULL;08_48_HOURS_PLUS;2;9.45;;NO;decisive_struct=0 < 1;0;;;NO;train_not_eligible;NO
0;AGE_SESSION;BULL;00_0_15_MIN;1;20.65;;NO;decisive_struct=0 < 1;0;;;NO;train_not_eligible;NO
0;AGE_HEIGHT;BULL;08_48_HOURS_PLUS;1;20.65;;NO;decisive_struct=0 < 1;0;;;NO;train_not_eligible;NO
0;AGE_APPROACH;BULL;00_0_15_MIN;1;20.65;;NO;decisive_struct=0 < 1;0;;;NO;train_not_eligible;NO
0;AGE_TOUCH_DEPTH;BEAR;08_48_HOURS_PLUS;1;0.00;;NO;decisive_struct=0 < 1;0;;;NO;train_not_eligible;NO
0;AGE_SESSION;BULL;08_48_HOURS_PLUS;2;9.45;;NO;decisive_struct=0 < 1;0;;;NO;train_not_eligible;NO
0;AGE_HEIGHT;BULL;00_0_15_MIN;1;20.65;;NO;decisive_struct=0 < 1;0;;;NO;train_not_eligible;NO
0;AGE_ONLY;BULL;08_48_HOURS_PLUS;2;9.45;;NO;decisive_struct=0 < 1;0;;;NO;train_not_eligible;NO
0;AGE_TOUCH;BEAR;07_24_48_HOURS;1;0.00;;NO;decisive_struct=0 < 1;0;;;NO;train_not_eligible;NO
0;AGE_DEPTH;BULL;08_48_HOURS_PLUS;1;20.65;;NO;decisive_struct=0 < 1;0;;;NO;train_not_eligible;NO
0;AGE_APPROACH;BEAR;07_24_48_HOURS;1;0.00;;NO;decisive_struct=0 < 1;0;;;NO;train_not_eligible;NO
0;AGE_DEPTH;BEAR;07_24_48_HOURS;1;0.00;;NO;decisive_struct=0 < 1;0;;;NO;train_not_eligible;NO
0;AGE_TOUCH_DEPTH;BULL;00_0_15_MIN;1;20.65;;NO;decisive_struct=0 < 1;0;;;NO;train_not_eligible;NO
0;AGE_APPROACH;BULL;08_48_HOURS_PLUS;1;0.00;;NO;decisive_struct=0 < 1;0;;;NO;train_not_eligible;NO
0;AGE_APPROACH;BEAR;08_48_HOURS_PLUS;1;0.00;;NO;decisive_struct=0 < 1;1;0.00;;NO;train_not_eligible;NO
0;AGE_TOUCH_DEPTH;BULL;08_48_HOURS_PLUS;1;20.65;;NO;decisive_struct=0 < 1;0;;;NO;train_not_eligible;NO
0;AGE_DEPTH;BULL;08_48_HOURS_PLUS;1;0.00;;NO;decisive_struct=0 < 1;0;;;NO;train_not_eligible;NO
0;AGE_TOUCH_DEPTH;BEAR;07_24_48_HOURS;1;0.00;;NO;decisive_struct=0 < 1;0;;;NO;train_not_eligible;NO
0;AGE_TOUCH;BULL;00_0_15_MIN;1;20.65;;NO;decisive_struct=0 < 1;0;;;NO;train_not_eligible;NO
0;AGE_HEIGHT;BEAR;08_48_HOURS_PLUS;1;0.00;;NO;decisive_struct=0 < 1;2;50.00;;NO;train_not_eligible;NO
0;AGE_TOUCH_DEPTH;BEAR;08_48_HOURS_PLUS;0;;;NO;samples=0 < 1;1;0.00;;NO;train_not_eligible;NO
0;AGE_SESSION;BEAR;08_48_HOURS_PLUS;1;0.00;;NO;decisive_struct=0 < 1;3;33.33;;NO;train_not_eligible;NO
0;AGE_DEPTH;BEAR;08_48_HOURS_PLUS;1;0.00;;NO;decisive_struct=0 < 1;0;;;NO;train_not_eligible;NO
