RuleID;PatternType;ZoneType;AgeRange;TouchRange;DepthRange;ApproachRange;HeightRange;SessionRange;Direction;TargetMode;FullDescription;LocalWilson;StructWilson;LocalPct;StructPct;MfeMaeRatio;OOSSamples;Grade;Accepted
R_0_B_A0;AGE_ONLY;BULL;[0, 15) min;ALL;ALL;ALL;ALL;ALL;BUY;PRIMARY_REACTION_DISTANCE;BULL zone, age [0, 15) min;;;;;;0;INSUFFICIENT_OPT;NO
R_0_B_A8;AGE_ONLY;BULL;[2880, +inf) min;ALL;ALL;ALL;ALL;ALL;BUY;PRIMARY_REACTION_DISTANCE;BULL zone, age [2880, +inf) min;;;;;;0;INSUFFICIENT_OPT;NO
R_0_S_A7;AGE_ONLY;BEAR;[1440, 2880) min;ALL;ALL;ALL;ALL;ALL;SELL;PRIMARY_REACTION_DISTANCE;BEAR zone, age [1440, 2880) min;;;;;;0;INSUFFICIENT_OPT;NO
R_0_S_A8;AGE_ONLY;BEAR;[2880, +inf) min;ALL;ALL;ALL;ALL;ALL;SELL;PRIMARY_REACTION_DISTANCE;BEAR zone, age [2880, +inf) min;;;;;;0;INSUFFICIENT_OPT;NO
R_1_B_A0_T0;AGE_TOUCH;BULL;[0, 15) min;[1, 1];ALL;ALL;ALL;ALL;BUY;PRIMARY_REACTION_DISTANCE;BULL zone, age [0, 15) min, touch #[1, 1];;;;;;0;INSUFFICIENT_OPT;NO
R_1_B_A8_T0;AGE_TOUCH;BULL;[2880, +inf) min;[1, 1];ALL;ALL;ALL;ALL;BUY;PRIMARY_REACTION_DISTANCE;BULL zone, age [2880, +inf) min, touch #[1, 1];;;;;;0;INSUFFICIENT_OPT;NO
R_1_S_A7_T0;AGE_TOUCH;BEAR;[1440, 2880) min;[1, 1];ALL;ALL;ALL;ALL;SELL;PRIMARY_REACTION_DISTANCE;BEAR zone, age [1440, 2880) min, touch #[1, 1];;;;;;0;INSUFFICIENT_OPT;NO
R_1_S_A8_T0;AGE_TOUCH;BEAR;[2880, +inf) min;[1, 1];ALL;ALL;ALL;ALL;SELL;PRIMARY_REACTION_DISTANCE;BEAR zone, age [2880, +inf) min, touch #[1, 1];;;;;;0;INSUFFICIENT_OPT;NO
R_2_B_A0_D0;AGE_DEPTH;BULL;[0, 15) min;ALL;[0%, 25%];ALL;ALL;ALL;BUY;PRIMARY_REACTION_DISTANCE;BULL zone, age [0, 15) min, depth [0%, 25%];;;;;;0;INSUFFICIENT_OPT;NO
R_2_B_A8_D0;AGE_DEPTH;BULL;[2880, +inf) min;ALL;[0%, 25%];ALL;ALL;ALL;BUY;PRIMARY_REACTION_DISTANCE;BULL zone, age [2880, +inf) min, depth [0%, 25%];;;;;;0;INSUFFICIENT_OPT;NO
R_2_B_A8_D2;AGE_DEPTH;BULL;[2880, +inf) min;ALL;[50%, 75%];ALL;ALL;ALL;BUY;PRIMARY_REACTION_DISTANCE;BULL zone, age [2880, +inf) min, depth [50%, 75%];;;;;;0;INSUFFICIENT_OPT;NO
R_2_S_A7_D0;AGE_DEPTH;BEAR;[1440, 2880) min;ALL;[0%, 25%];ALL;ALL;ALL;SELL;PRIMARY_REACTION_DISTANCE;BEAR zone, age [1440, 2880) min, depth [0%, 25%];;;;;;0;INSUFFICIENT_OPT;NO
R_2_S_A8_D0;AGE_DEPTH;BEAR;[2880, +inf) min;ALL;[0%, 25%];ALL;ALL;ALL;SELL;PRIMARY_REACTION_DISTANCE;BEAR zone, age [2880, +inf) min, depth [0%, 25%];;;;;;0;INSUFFICIENT_OPT;NO
R_2_S_A8_D1;AGE_DEPTH;BEAR;[2880, +inf) min;ALL;[25%, 50%];ALL;ALL;ALL;SELL;PRIMARY_REACTION_DISTANCE;BEAR zone, age [2880, +inf) min, depth [25%, 50%];;;;;;0;INSUFFICIENT_OPT;NO
R_2_S_A8_D2;AGE_DEPTH;BEAR;[2880, +inf) min;ALL;[50%, 75%];ALL;ALL;ALL;SELL;PRIMARY_REACTION_DISTANCE;BEAR zone, age [2880, +inf) min, depth [50%, 75%];;;;;;0;INSUFFICIENT_OPT;NO
R_2_S_A8_D3;AGE_DEPTH;BEAR;[2880, +inf) min;ALL;[75%, 100%];ALL;ALL;ALL;SELL;PRIMARY_REACTION_DISTANCE;BEAR zone, age [2880, +inf) min, depth [75%, 100%];;;;;;0;INSUFFICIENT_OPT;NO
R_3_B_A0_T0_D0;AGE_TOUCH_DEPTH;BULL;[0, 15) min;[1, 1];[0%, 25%];ALL;ALL;ALL;BUY;PRIMARY_REACTION_DISTANCE;BULL zone, age [0, 15) min, touch #[1, 1], depth [0%, 25%];;;;;;0;INSUFFICIENT_OPT;NO
R_3_B_A8_T0_D0;AGE_TOUCH_DEPTH;BULL;[2880, +inf) min;[1, 1];[0%, 25%];ALL;ALL;ALL;BUY;PRIMARY_REACTION_DISTANCE;BULL zone, age [2880, +inf) min, touch #[1, 1], depth [0%, 25%];;;;;;0;INSUFFICIENT_OPT;NO
R_3_B_A8_T0_D2;AGE_TOUCH_DEPTH;BULL;[2880, +inf) min;[1, 1];[50%, 75%];ALL;ALL;ALL;BUY;PRIMARY_REACTION_DISTANCE;BULL zone, age [2880, +inf) min, touch #[1, 1], depth [50%, 75%];;;;;;0;INSUFFICIENT_OPT;NO
R_3_S_A7_T0_D0;AGE_TOUCH_DEPTH;BEAR;[1440, 2880) min;[1, 1];[0%, 25%];ALL;ALL;ALL;SELL;PRIMARY_REACTION_DISTANCE;BEAR zone, age [1440, 2880) min, touch #[1, 1], depth [0%, 25%];;;;;;0;INSUFFICIENT_OPT;NO
R_3_S_A8_T0_D0;AGE_TOUCH_DEPTH;BEAR;[2880, +inf) min;[1, 1];[0%, 25%];ALL;ALL;ALL;SELL;PRIMARY_REACTION_DISTANCE;BEAR zone, age [2880, +inf) min, touch #[1, 1], depth [0%, 25%];;;;;;0;INSUFFICIENT_OPT;NO
R_3_S_A8_T0_D1;AGE_TOUCH_DEPTH;BEAR;[2880, +inf) min;[1, 1];[25%, 50%];ALL;ALL;ALL;SELL;PRIMARY_REACTION_DISTANCE;BEAR zone, age [2880, +inf) min, touch #[1, 1], depth [25%, 50%];;;;;;0;INSUFFICIENT_OPT;NO
R_3_S_A8_T0_D2;AGE_TOUCH_DEPTH;BEAR;[2880, +inf) min;[1, 1];[50%, 75%];ALL;ALL;ALL;SELL;PRIMARY_REACTION_DISTANCE;BEAR zone, age [2880, +inf) min, touch #[1, 1], depth [50%, 75%];;;;;;0;INSUFFICIENT_OPT;NO
R_3_S_A8_T0_D3;AGE_TOUCH_DEPTH;BEAR;[2880, +inf) min;[1, 1];[75%, 100%];ALL;ALL;ALL;SELL;PRIMARY_REACTION_DISTANCE;BEAR zone, age [2880, +inf) min, touch #[1, 1], depth [75%, 100%];;;;;;0;INSUFFICIENT_OPT;NO
R_4_B_A0_AP1;AGE_APPROACH;BULL;[0, 15) min;ALL;ALL;[0, 0.5) ATR5;ALL;ALL;BUY;PRIMARY_REACTION_DISTANCE;BULL zone, age [0, 15) min, approach [0, 0.5) ATR5;;;;;;0;INSUFFICIENT_OPT;NO
R_4_B_A8_AP0;AGE_APPROACH;BULL;[2880, +inf) min;ALL;ALL;FLAT_OR_AWAY;ALL;ALL;BUY;PRIMARY_REACTION_DISTANCE;BULL zone, age [2880, +inf) min, approach FLAT_OR_AWAY;;;;;;0;INSUFFICIENT_OPT;NO
R_4_B_A8_AP1;AGE_APPROACH;BULL;[2880, +inf) min;ALL;ALL;[0, 0.5) ATR5;ALL;ALL;BUY;PRIMARY_REACTION_DISTANCE;BULL zone, age [2880, +inf) min, approach [0, 0.5) ATR5;;;;;;0;INSUFFICIENT_OPT;NO
R_4_S_A7_AP0;AGE_APPROACH;BEAR;[1440, 2880) min;ALL;ALL;FLAT_OR_AWAY;ALL;ALL;SELL;PRIMARY_REACTION_DISTANCE;BEAR zone, age [1440, 2880) min, approach FLAT_OR_AWAY;;;;;;0;INSUFFICIENT_OPT;NO
R_4_S_A8_AP0;AGE_APPROACH;BEAR;[2880, +inf) min;ALL;ALL;FLAT_OR_AWAY;ALL;ALL;SELL;PRIMARY_REACTION_DISTANCE;BEAR zone, age [2880, +inf) min, approach FLAT_OR_AWAY;;;;;;0;INSUFFICIENT_OPT;NO
R_4_S_A8_AP2;AGE_APPROACH;BEAR;[2880, +inf) min;ALL;ALL;[0.5, 1) ATR5;ALL;ALL;SELL;PRIMARY_REACTION_DISTANCE;BEAR zone, age [2880, +inf) min, approach [0.5, 1) ATR5;;;;;;0;INSUFFICIENT_OPT;NO
R_4_S_A8_AP3;AGE_APPROACH;BEAR;[2880, +inf) min;ALL;ALL;[1, +inf) ATR5;ALL;ALL;SELL;PRIMARY_REACTION_DISTANCE;BEAR zone, age [2880, +inf) min, approach [1, +inf) ATR5;;;;;;0;INSUFFICIENT_OPT;NO
R_5_B_A0_H4;AGE_HEIGHT;BULL;[0, 15) min;ALL;ALL;ALL;[1, +inf) ATR;ALL;BUY;NEXT_OPPOSITE_ZONE;BULL zone, age [0, 15) min, height [1, +inf) ATR;;;;;;0;INSUFFICIENT_OPT;NO
R_5_B_A8_H0;AGE_HEIGHT;BULL;[2880, +inf) min;ALL;ALL;ALL;[0, 0.25) ATR;ALL;BUY;NEXT_OPPOSITE_ZONE;BULL zone, age [2880, +inf) min, height [0, 0.25) ATR;;;;;;0;INSUFFICIENT_OPT;NO
R_5_B_A8_H4;AGE_HEIGHT;BULL;[2880, +inf) min;ALL;ALL;ALL;[1, +inf) ATR;ALL;BUY;NEXT_OPPOSITE_ZONE;BULL zone, age [2880, +inf) min, height [1, +inf) ATR;;;;;;0;INSUFFICIENT_OPT;NO
R_5_S_A7_H0;AGE_HEIGHT;BEAR;[1440, 2880) min;ALL;ALL;ALL;[0, 0.25) ATR;ALL;SELL;NEXT_OPPOSITE_ZONE;BEAR zone, age [1440, 2880) min, height [0, 0.25) ATR;;;;;;0;INSUFFICIENT_OPT;NO
R_5_S_A8_H2;AGE_HEIGHT;BEAR;[2880, +inf) min;ALL;ALL;ALL;[0.5, 0.75) ATR;ALL;SELL;NEXT_OPPOSITE_ZONE;BEAR zone, age [2880, +inf) min, height [0.5, 0.75) ATR;;;;;;0;INSUFFICIENT_OPT;NO
R_5_S_A8_H3;AGE_HEIGHT;BEAR;[2880, +inf) min;ALL;ALL;ALL;[0.75, 1) ATR;ALL;SELL;NEXT_OPPOSITE_ZONE;BEAR zone, age [2880, +inf) min, height [0.75, 1) ATR;;;;;;0;INSUFFICIENT_OPT;NO
R_6_B_A0_S0;AGE_SESSION;BULL;[0, 15) min;ALL;ALL;ALL;ALL;ASIA_SERVER_TIME;BUY;NEXT_OPPOSITE_ZONE;BULL zone, age [0, 15) min, session ASIA_SERVER_TIME;;;;;;0;INSUFFICIENT_OPT;NO
R_6_B_A8_S0;AGE_SESSION;BULL;[2880, +inf) min;ALL;ALL;ALL;ALL;ASIA_SERVER_TIME;BUY;NEXT_OPPOSITE_ZONE;BULL zone, age [2880, +inf) min, session ASIA_SERVER_TIME;;;;;;0;INSUFFICIENT_OPT;NO
R_6_S_A7_S0;AGE_SESSION;BEAR;[1440, 2880) min;ALL;ALL;ALL;ALL;ASIA_SERVER_TIME;SELL;NEXT_OPPOSITE_ZONE;BEAR zone, age [1440, 2880) min, session ASIA_SERVER_TIME;;;;;;0;INSUFFICIENT_OPT;NO
R_6_S_A8_S0;AGE_SESSION;BEAR;[2880, +inf) min;ALL;ALL;ALL;ALL;ASIA_SERVER_TIME;SELL;NEXT_OPPOSITE_ZONE;BEAR zone, age [2880, +inf) min, session ASIA_SERVER_TIME;;;;;;0;INSUFFICIENT_OPT;NO
