symbol,contract_size,tick_size,tick_value,margin_initial,volume_min,volume_max,volume_step,broker
ADAUSD,1000000,0.0001,0,0,0.1,100,0.1,RoboForex
AUDCAD,100000,1e-05,0,0,0.1,1000,0.01,RoboForex
AUDCHF,100000,1e-05,0,0,0.1,1000,0.01,RoboForex
AUDJPY,100000,0.001,0,0,0.1,1000,0.01,RoboForex
AUDNZD,100000,1e-05,0,0,0.1,1000,0.01,RoboForex
AUDUSD,100000,1e-05,0,0,0.1,1000,0.01,RoboForex
BTCUSD,1,0.01,0,0,0.1,100,0.1,RoboForex
CADCHF,100000,1e-05,0,0,0.1,1000,0.01,RoboForex
CADJPY,100000,0.001,0,0,0.1,1000,0.01,RoboForex
CHFJPY,100000,0.001,0,0,0.1,1000,0.01,RoboForex
DOGEUSD,1000000,1e-05,0,0,0.1,100,0.1,RoboForex
ETHUSD,10,0.01,0,0,0.1,100,0.1,RoboForex
EURAUD,100000,1e-05,0,0,0.1,1000,0.01,RoboForex
EURCAD,100000,1e-05,0,0,0.1,1000,0.01,RoboForex
EURCHF,100000,1e-05,0,0,0.1,1000,0.01,RoboForex
EURGBP,100000,1e-05,0,0,0.1,1000,0.01,RoboForex
EURJPY,100000,0.001,0,0,0.1,1000,0.01,RoboForex
EURNZD,100000,1e-05,0,0,0.1,1000,0.01,RoboForex
EURUSD,100000,1e-05,1,58.23,0.1,1000,0.01,RoboForex
GBPAUD,100000,1e-05,0,0,0.1,1000,0.01,RoboForex
GBPCAD,100000,1e-05,0,0,0.1,1000,0.01,RoboForex
GBPCHF,100000,1e-05,0,0,0.1,1000,0.01,RoboForex
GBPJPY,100000,0.001,0,0,0.1,1000,0.01,RoboForex
GBPNZD,100000,1e-05,0,0,0.1,1000,0.01,RoboForex
GBPUSD,100000,1e-05,0,0,0.1,1000,0.01,RoboForex
GLDUSD,100,1e-05,0,0,0.1,10000,0.1,RoboForex
NZDCAD,100000,1e-05,0,0,0.1,1000,0.01,RoboForex
NZDCHF,100000,1e-05,0,0,0.1,1000,0.01,RoboForex
NZDJPY,100000,0.001,0,0,0.1,1000,0.01,RoboForex
NZDUSD,100000,1e-05,0,0,0.1,1000,0.01,RoboForex
SOLUSD,1000,0.01,0,0,0.1,100,0.1,RoboForex
USDCAD,100000,1e-05,0,0,0.1,1000,0.01,RoboForex
USDCHF,100000,1e-05,0,0,0.1,1000,0.01,RoboForex
USDCZK,100,1e-05,0,0,0.1,10000,0.1,RoboForex
USDJPY,100000,0.001,0,0,0.1,1000,0.01,RoboForex
USDPLN,100000,1e-05,0,0,0.1,10000,0.1,RoboForex
XAGUSD,5000,0.001,0,0,0.1,1000,0.01,RoboForex
XAUEUR,100,0.01,0,0,0.1,1000,0.01,RoboForex
XAUUSD,100,0.01,1,229.79,0.1,1000,0.01,RoboForex
XRPUSD,100000,0.0001,0,0,0.1,100,0.1,RoboForex
