PatternType;ZoneType;AgeBucket;TotalFolds;TrainEligibleFolds;OOSPassedFolds;AvgTrainLocalWilson;AvgTrainStructWilson;AvgOOSLocalPct;AvgOOSStructPct;PooledOOS_Samples;PooledOOS_LocalReversal;PooledOOS_LocalBreakout;PooledOOS_StructOpposite;PooledOOS_StructSameType;Grade;Accepted
AGE_APPROACH;BULL;08_48_HOURS_PLUS;1;0;0;;;;;0;0;0;0;0;INSUFFICIENT_TRAIN;NO
AGE_APPROACH;BULL;00_0_15_MIN;1;0;0;;;;;0;0;0;0;0;INSUFFICIENT_TRAIN;NO
AGE_TOUCH_DEPTH;BEAR;08_48_HOURS_PLUS;1;0;0;;;;;0;0;0;0;0;INSUFFICIENT_TRAIN;NO
AGE_SESSION;BULL;08_48_HOURS_PLUS;1;0;0;;;;;0;0;0;0;0;INSUFFICIENT_TRAIN;NO
AGE_HEIGHT;BULL;00_0_15_MIN;1;0;0;;;;;0;0;0;0;0;INSUFFICIENT_TRAIN;NO
AGE_ONLY;BULL;08_48_HOURS_PLUS;1;0;0;;;;;0;0;0;0;0;INSUFFICIENT_TRAIN;NO
AGE_TOUCH;BEAR;07_24_48_HOURS;1;0;0;;;;;0;0;0;0;0;INSUFFICIENT_TRAIN;NO
AGE_DEPTH;BULL;08_48_HOURS_PLUS;1;0;0;;;;;0;0;0;0;0;INSUFFICIENT_TRAIN;NO
AGE_APPROACH;BEAR;07_24_48_HOURS;1;0;0;;;;;0;0;0;0;0;INSUFFICIENT_TRAIN;NO
AGE_DEPTH;BEAR;07_24_48_HOURS;1;0;0;;;;;0;0;0;0;0;INSUFFICIENT_TRAIN;NO
AGE_TOUCH_DEPTH;BULL;00_0_15_MIN;1;0;0;;;;;0;0;0;0;0;INSUFFICIENT_TRAIN;NO
AGE_HEIGHT;BULL;08_48_HOURS_PLUS;1;0;0;;;;;0;0;0;0;0;INSUFFICIENT_TRAIN;NO
AGE_APPROACH;BEAR;08_48_HOURS_PLUS;1;0;0;;;;;1;0;1;0;0;INSUFFICIENT_TRAIN;NO
AGE_TOUCH_DEPTH;BULL;08_48_HOURS_PLUS;1;0;0;;;;;0;0;0;0;0;INSUFFICIENT_TRAIN;NO
AGE_DEPTH;BULL;08_48_HOURS_PLUS;1;0;0;;;;;0;0;0;0;0;INSUFFICIENT_TRAIN;NO
AGE_TOUCH_DEPTH;BEAR;07_24_48_HOURS;1;0;0;;;;;0;0;0;0;0;INSUFFICIENT_TRAIN;NO
AGE_TOUCH;BULL;00_0_15_MIN;1;0;0;;;;;0;0;0;0;0;INSUFFICIENT_TRAIN;NO
AGE_HEIGHT;BEAR;08_48_HOURS_PLUS;1;0;0;;;;;2;1;1;0;0;INSUFFICIENT_TRAIN;NO
AGE_TOUCH_DEPTH;BEAR;08_48_HOURS_PLUS;1;0;0;;;;;1;0;1;0;0;INSUFFICIENT_TRAIN;NO
AGE_SESSION;BEAR;08_48_HOURS_PLUS;1;0;0;;;;;3;1;2;0;0;INSUFFICIENT_TRAIN;NO
AGE_DEPTH;BEAR;08_48_HOURS_PLUS;1;0;0;;;;;0;0;0;0;0;INSUFFICIENT_TRAIN;NO
AGE_ONLY;BEAR;07_24_48_HOURS;1;0;0;;;;;0;0;0;0;0;INSUFFICIENT_TRAIN;NO
AGE_TOUCH_DEPTH;BEAR;08_48_HOURS_PLUS;1;0;0;;;;;1;1;0;0;0;INSUFFICIENT_TRAIN;NO
AGE_DEPTH;BEAR;08_48_HOURS_PLUS;1;0;0;;;;;1;1;0;0;0;INSUFFICIENT_TRAIN;NO
AGE_HEIGHT;BEAR;08_48_HOURS_PLUS;1;0;0;;;;;1;0;1;0;0;INSUFFICIENT_TRAIN;NO
AGE_APPROACH;BEAR;08_48_HOURS_PLUS;1;0;0;;;;;1;1;0;0;0;INSUFFICIENT_TRAIN;NO
AGE_DEPTH;BEAR;08_48_HOURS_PLUS;1;0;0;;;;;1;0;1;0;0;INSUFFICIENT_TRAIN;NO
AGE_APPROACH;BEAR;08_48_HOURS_PLUS;1;0;0;;;;;1;0;1;0;0;INSUFFICIENT_TRAIN;NO
AGE_ONLY;BEAR;08_48_HOURS_PLUS;1;0;0;;;;;3;1;2;0;0;INSUFFICIENT_TRAIN;NO
AGE_TOUCH;BEAR;08_48_HOURS_PLUS;1;0;0;;;;;3;1;2;0;0;INSUFFICIENT_TRAIN;NO
AGE_APPROACH;BULL;08_48_HOURS_PLUS;1;0;0;;;;;0;0;0;0;0;INSUFFICIENT_TRAIN;NO
AGE_DEPTH;BEAR;08_48_HOURS_PLUS;1;0;0;;;;;1;0;1;0;0;INSUFFICIENT_TRAIN;NO
AGE_TOUCH_DEPTH;BULL;08_48_HOURS_PLUS;1;0;0;;;;;0;0;0;0;0;INSUFFICIENT_TRAIN;NO
AGE_HEIGHT;BEAR;07_24_48_HOURS;1;0;0;;;;;0;0;0;0;0;INSUFFICIENT_TRAIN;NO
AGE_TOUCH_DEPTH;BEAR;08_48_HOURS_PLUS;1;0;0;;;;;1;0;1;0;0;INSUFFICIENT_TRAIN;NO
AGE_SESSION;BEAR;07_24_48_HOURS;1;0;0;;;;;0;0;0;0;0;INSUFFICIENT_TRAIN;NO
AGE_HEIGHT;BULL;08_48_HOURS_PLUS;1;0;0;;;;;0;0;0;0;0;INSUFFICIENT_TRAIN;NO
AGE_ONLY;BULL;00_0_15_MIN;1;0;0;;;;;0;0;0;0;0;INSUFFICIENT_TRAIN;NO
AGE_DEPTH;BULL;00_0_15_MIN;1;0;0;;;;;0;0;0;0;0;INSUFFICIENT_TRAIN;NO
AGE_TOUCH;BULL;08_48_HOURS_PLUS;1;0;0;;;;;0;0;0;0;0;INSUFFICIENT_TRAIN;NO
AGE_SESSION;BULL;00_0_15_MIN;1;0;0;;;;;0;0;0;0;0;INSUFFICIENT_TRAIN;NO
